{
  "KLIMP_#4.stp": {
    "name": "KLIMP_#4",
    "type": "klimp",
    "dimensions": {
      "length": 4.92288962545174,
      "width": 3.923096000692297,
      "height": 1.1545930112254
    },
    "boundingBox": {
      "min": {
        "x": -1.09821643901235,
        "y": -0.487653744811807,
        "z": -1.0764680112254
      },
      "max": {
        "x": 3.82467318643939,
        "y": 3.43544225588049,
        "z": 0.078125
      },
      "dimensions": {
        "width": 4.92288962545174,
        "height": 3.923096000692297,
        "depth": 1.1545930112254
      },
      "center": {
        "x": 1.36322837371352,
        "y": 1.4738942555343413,
        "z": -0.49917150561269996
      }
    },
    "color": "#2a2a2a"
  },
  "LAG SCREW_0.38 X 2.50.stp": {
    "name": "LAG SCREW_0.38 X 2.50",
    "type": "fastener",
    "dimensions": {
      "length": 0.648941702569141,
      "width": 0.562000000000008,
      "height": 0.020270790860517002
    },
    "boundingBox": {
      "min": {
        "x": -0.281000000000008,
        "y": -0.32447085128457,
        "z": 0.247729209139485
      },
      "max": {
        "x": 0.281,
        "y": 0.324470851284571,
        "z": 0.268000000000002
      },
      "dimensions": {
        "width": 0.562000000000008,
        "height": 0.648941702569141,
        "depth": 0.020270790860517002
      },
      "center": {
        "x": -3.9968028886505635e-15,
        "y": 4.996003610813204e-16,
        "z": 0.2578646045697435
      }
    },
    "color": "#404040"
  },
  "P3959_LAG SCREW_0.38 X 3.00_INCH.stp": {
    "name": "P3959_LAG SCREW_0.38 X 3.00_INCH",
    "type": "fastener",
    "dimensions": {
      "length": 0.648941702569141,
      "width": 0.562000000000008,
      "height": 0.020270790860517002
    },
    "boundingBox": {
      "min": {
        "x": -0.281000000000008,
        "y": -0.32447085128457,
        "z": 0.247729209139485
      },
      "max": {
        "x": 0.281,
        "y": 0.324470851284571,
        "z": 0.268000000000002
      },
      "dimensions": {
        "width": 0.562000000000008,
        "height": 0.648941702569141,
        "depth": 0.020270790860517002
      },
      "center": {
        "x": -3.9968028886505635e-15,
        "y": 4.996003610813204e-16,
        "z": 0.2578646045697435
      }
    },
    "color": "#404040"
  },
  "STENCIL - APPLIED IMPACT-A.stp": {
    "name": "STENCIL - APPLIED IMPACT-A",
    "type": "stencil",
    "dimensions": {
      "length": 3.347802369416091,
      "width": 2.5638834764831797,
      "height": 0
    },
    "boundingBox": {
      "min": {
        "x": 0.656135785179459,
        "y": 0.76,
        "z": 1.001
      },
      "max": {
        "x": 4.00393815459555,
        "y": 3.32388347648318,
        "z": 1.001
      },
      "dimensions": {
        "width": 3.347802369416091,
        "height": 2.5638834764831797,
        "depth": 0
      },
      "center": {
        "x": 2.3300369698875047,
        "y": 2.04194173824159,
        "z": 1.001
      }
    },
    "color": "#1a1a1a"
  },
  "STENCIL - CG.stp": {
    "name": "STENCIL - CG",
    "type": "stencil",
    "dimensions": {
      "length": 3,
      "width": 2.633402874588109,
      "height": 0
    },
    "boundingBox": {
      "min": {
        "x": 1.09273919746571e-14,
        "y": -1.58823529411765,
        "z": 0.01
      },
      "max": {
        "x": 2.63340287458812,
        "y": 1.41176470588235,
        "z": 0.01
      },
      "dimensions": {
        "width": 2.633402874588109,
        "height": 3,
        "depth": 0
      },
      "center": {
        "x": 1.3167014372940655,
        "y": -0.08823529411765008,
        "z": 0.01
      }
    },
    "color": "#1a1a1a"
  },
  "STENCIL - DO NOT STACK.stp": {
    "name": "STENCIL - DO NOT STACK",
    "type": "stencil",
    "dimensions": {
      "length": 6.49999999983126,
      "width": 2.999999999924999,
      "height": 0
    },
    "boundingBox": {
      "min": {
        "x": 8.88178419700125e-16,
        "y": -1.4999999999625,
        "z": 0.01
      },
      "max": {
        "x": 2.999999999925,
        "y": 4.99999999986876,
        "z": 0.01
      },
      "dimensions": {
        "width": 2.999999999924999,
        "height": 6.49999999983126,
        "depth": 0
      },
      "center": {
        "x": 1.4999999999625004,
        "y": 1.74999999995313,
        "z": 0.01
      }
    },
    "color": "#1a1a1a"
  },
  "STENCIL - FRAGILE.stp": {
    "name": "STENCIL - FRAGILE",
    "type": "stencil",
    "dimensions": {
      "length": 12.59334968366409,
      "width": 5.480977042139029,
      "height": 0
    },
    "boundingBox": {
      "min": {
        "x": -8.89457273765265,
        "y": -2.16757477234947,
        "z": 0.015
      },
      "max": {
        "x": 3.69877694601144,
        "y": 3.31340226978956,
        "z": 0.015
      },
      "dimensions": {
        "width": 12.59334968366409,
        "height": 5.480977042139029,
        "depth": 0
      },
      "center": {
        "x": -2.597897895820605,
        "y": 0.5729137487200451,
        "z": 0.015
      }
    },
    "color": "#1a1a1a"
  },
  "STENCIL - HORIZONTAL HANDLING.stp": {
    "name": "STENCIL - HORIZONTAL HANDLING",
    "type": "stencil",
    "dimensions": {
      "length": 10.972499999999997,
      "width": 3.990001088182125,
      "height": 0
    },
    "boundingBox": {
      "min": {
        "x": 2.90668626525878e-15,
        "y": -0.249375068011395,
        "z": 0.0133
      },
      "max": {
        "x": 10.9725,
        "y": 3.74062602017073,
        "z": 0.0133
      },
      "dimensions": {
        "width": 10.972499999999997,
        "height": 3.990001088182125,
        "depth": 0
      },
      "center": {
        "x": 5.486250000000002,
        "y": 1.7456254760796677,
        "z": 0.0133
      }
    },
    "color": "#1a1a1a"
  },
  "STENCIL - VERTICAL HANDLING.stp": {
    "name": "STENCIL - VERTICAL HANDLING",
    "type": "stencil",
    "dimensions": {
      "length": 13.965000000000021,
      "width": 2.992500000000099,
      "height": 0
    },
    "boundingBox": {
      "min": {
        "x": -0.190854999999459,
        "y": -8.11719858479611,
        "z": 0.0133
      },
      "max": {
        "x": 2.80164500000064,
        "y": 5.84780141520391,
        "z": 0.0133
      },
      "dimensions": {
        "width": 2.992500000000099,
        "height": 13.965000000000021,
        "depth": 0
      },
      "center": {
        "x": 1.3053950000005905,
        "y": -1.1346985847961002,
        "z": 0.0133
      }
    },
    "color": "#1a1a1a"
  }
}